"","Country.Region","Lat","Long","X1.22.20","X1.23.20","X1.24.20","X1.25.20","X1.26.20","X1.27.20","X1.28.20","X1.29.20","X1.30.20","X1.31.20","X2002.1.20","X2002.2.20","X2002.3.20","X2002.4.20","X2002.5.20","X2002.6.20","X2002.7.20","X2002.8.20","X2002.9.20","X2002.10.20","X2002.11.20","X2002.12.20","X2.13.20","X2.14.20","X2.15.20","X2.16.20","X2.17.20","X2.18.20","X2.19.20","X2.20.20","X2.21.20","X2.22.20","X2.23.20","X2.24.20","X2.25.20","X2.26.20","X2.27.20","X2.28.20","X2.29.20","X2003.1.20","X2003.2.20","X2003.3.20","X2003.4.20","X2003.5.20","X2003.6.20","X2003.7.20","X2003.8.20","X2003.9.20","X2003.10.20","X2003.11.20","X2003.12.20","X3.13.20","X3.14.20","X3.15.20","X3.16.20","X3.17.20","X3.18.20","X3.19.20","X3.20.20","X3.21.20","X3.22.20","X3.23.20","X3.24.20","X3.25.20","X3.26.20","X3.27.20","X3.28.20","X3.29.20","X3.30.20","X3.31.20","X2004.1.20","X2004.2.20","X2004.3.20","X2004.4.20","X2004.5.20","X2004.6.20","X2004.7.20","X2004.8.20","X2004.9.20","X2004.10.20","X2004.11.20","X2004.12.20","X4.13.20","X4.14.20","X4.15.20","X4.16.20","X4.17.20","X4.18.20","X4.19.20","X4.20.20","X4.21.20","X4.22.20","X4.23.20","X4.24.20","X4.25.20","X4.26.20","X4.27.20","X4.28.20","X4.29.20","X4.30.20","X2005.1.20","X2005.2.20","X2005.3.20","X2005.4.20","X2005.5.20","X2005.6.20","X2005.7.20","X2005.8.20","X2005.9.20","X2005.10.20","X2005.11.20","X2005.12.20","X5.13.20","X5.14.20","X5.15.20","X5.16.20","X5.17.20","X5.18.20","X5.19.20","X5.20.20","X5.21.20","X5.22.20","X5.23.20","X5.24.20","X5.25.20","X5.26.20","X5.27.20","X5.28.20","X5.29.20","X5.30.20","X5.31.20","X2006.1.20","X2006.2.20","X2006.3.20","X2006.4.20","X2006.5.20","X2006.6.20","X2006.7.20","X2006.8.20","X2006.9.20","X2006.10.20","X2006.11.20","X2006.12.20","X6.13.20","X6.14.20","X6.15.20","X6.16.20","X6.17.20","X6.18.20","X6.19.20","X6.20.20","X6.21.20","X6.22.20","X6.23.20","X6.24.20","X6.25.20","X6.26.20","X6.27.20","X6.28.20","X6.29.20","X6.30.20"
"1","Australia","-35.4735","149.0124","0","0","0","0","4","5","5","6","9","9","12","12","12","13","13","14","15","15","15","15","15","15","15","15","15","15","15","15","15","15","15","15","15","15","15","15","15","15","25","27","30","39","52","55","60","63","76","91","107","128","128","200","250","297","377","452","568","681","791","1071","1549","1682","2044","2364","2810","3143","3640","3984","4361","4559","4862","5116","5330","5550","5687","5797","5895","6010","6108","6215","6303","6315","6351","6415","6440","6462","6522","6568","6610","6623","6645","6652","6662","6677","6694","6714","6721","6744","6752","6766","6778","6799","6822","6847","6875","6894","6913","6918","6939","6948","6970","6980","6989","7019","7035","7044","7054","7068","7072","7081","7095","7099","7114","7114","7126","7139","7150","7165","7184","7192","7202","7221","7229","7240","7247","7252","7259","7265","7267","7274","7285","7289","7294","7320","7335","7347","7370","7391","7409","7411","7461","7474","7492","7521","7558","7595","7601","7686","7764","7834","7920"
"2","Austria","47.5162","14.5501","0","0","0","0","0","0","0","0","0","0","0","0","0","0","0","0","0","0","0","0","0","0","0","0","0","0","0","0","0","0","0","0","0","0","2","2","3","3","9","14","18","21","29","41","55","79","104","131","182","246","302","504","655","860","1018","1332","1646","2013","2388","2814","3582","4474","5283","5588","6909","7657","8271","8788","9618","10180","10711","11129","11524","11781","12051","12297","12639","12942","13244","13555","13806","13945","14041","14226","14336","14476","14595","14671","14749","14795","14873","14925","15002","15071","15148","15225","15274","15357","15402","15452","15531","15558","15597","15621","15650","15684","15752","15774","15833","15871","15882","15961","15997","16058","16109","16201","16242","16269","16321","16353","16404","16436","16486","16503","16539","16557","16591","16628","16655","16685","16731","16733","16759","16771","16805","16843","16898","16902","16968","16979","17005","17034","17064","17078","17109","17135","17189","17203","17223","17271","17323","17341","17380","17408","17449","17477","17522","17580","17654","17723","17766"
"3","Belgium","50.8333","4.469936","0","0","0","0","0","0","0","0","0","0","0","0","0","1","1","1","1","1","1","1","1","1","1","1","1","1","1","1","1","1","1","1","1","1","1","1","1","1","1","2","8","13","23","50","109","169","200","239","267","314","314","559","689","886","1058","1243","1486","1795","2257","2815","3401","3743","4269","4937","6235","7284","9134","10836","11899","12775","13964","15348","16770","18431","19691","20814","22194","23403","24983","26667","28018","29647","30589","31119","33573","34809","36138","37183","38496","39983","40956","41889","42797","44293","45325","46134","46687","47334","47859","48519","49032","49517","49906","50267","50509","50781","51420","52011","52596","53081","53449","53779","53981","54288","54644","54989","55280","55559","55791","55983","56235","56511","56810","57092","57342","57455","57592","57849","58061","58186","58381","58517","58615","58685","58767","58907","59072","59226","59348","59437","59569","59711","59819","59918","60029","60100","60155","60244","60348","60476","60550","60550","60550","60810","60898","61007","61106","61209","61295","61361","61427"
"4","Canada","53.9333","-116.5765","0","0","0","0","1","1","2","2","2","4","4","4","4","4","5","5","7","7","7","7","7","7","7","7","7","7","8","8","8","8","9","9","9","10","11","11","13","14","20","24","27","30","33","37","49","54","64","77","79","108","117","193","198","252","415","478","657","800","943","1277","1469","2088","2790","3251","4042","4682","5576","6280","7398","8527","9560","11284","12437","12978","15756","16563","17872","19141","20654","22059","23316","24299","25680","27035","28209","30809","32814","34356","35633","37658","39402","41663","43299","44919","46371","48033","49616","51150","52865","54457","56343","57926","60504","61957","63215","64694","66201","67674","68918","70091","71264","72419","73568","74781","75959","77206","78332","79411","80493","81575","82742","83947","85151","86106","87119","88090","88989","89976","90909","91681","92479","93288","93960","94641","95269","95947","96475","97178","97779","98241","98720","99159","99595","100043","100404","100763","101087","101491","101877","102314","102762","103078","103418","103767","104087","104463","104629","104878","105193","105830","106097"
"5","Chile","-35.6751","-71.543","0","0","0","0","0","0","0","0","0","0","0","0","0","0","0","0","0","0","0","0","0","0","0","0","0","0","0","0","0","0","0","0","2","2","2","2","2","2","2","9","9","10","10","13","13","13","20","20","25","35","35","55","88","101","182","228","265","265","461","592","687","801","977","1197","1361","1665","2015","2245","2555","2844","3137","3510","3843","4355","4665","5009","5310","5740","6166","6695","7366","7652","7964","8356","8712","9246","9691","10598","10956","11375","11700","12164","12680","13174","14537","15010","15492","16044","16564","17702","18687","21213","22441","23421","24794","25826","27359","28750","32208","33855","35052","36710","39370","42029","44531","50016","52369","54647","58167","62205","66169","70445","80287","83996","88891","92855","97183","101837","105532","118720","123550","129020","132548","137490","142154","146361","160351","166756","171452","175365","181062","186698","193452","201634","208572","213715","218728","220628","225103","231393","236748","242355","246963","250767","254416","259064","263360","267766","271982","275999","279393"
"6","Colombia","4.5709","-74.2973","0","0","0","0","0","0","0","0","0","0","0","0","0","0","0","0","0","0","0","0","0","0","0","0","0","0","0","0","0","0","0","0","0","0","0","0","0","0","0","0","0","0","0","0","1","1","1","1","3","9","9","13","22","34","57","75","102","108","158","196","231","277","378","470","491","539","608","702","798","906","1065","1161","1267","1406","1485","1579","1780","2054","2223","2473","2709","2776","2852","2979","3105","3233","3439","3621","3792","3977","4149","4356","4561","4881","5142","5379","5597","5949","6207","6507","7006","7285","7668","7973","8613","8959","9456","10051","10495","11063","11613","12272","12930","13610","14216","14939","15574","16295","16935","17687","18330","19131","20177","21175","21981","23003","24104","25366","26688","28236","29383","30493","31833","33354","35120","36635","38027","39236","40719","42078","43682","45212","46858","48746","50939","53063","54931","57046","60217","63276","65633","68652","71183","73572","77113","80599","84442","88591","91769","95043","97846"
"7","Czech Republic","49.8175","15.473","0","0","0","0","0","0","0","0","0","0","0","0","0","0","0","0","0","0","0","0","0","0","0","0","0","0","0","0","0","0","0","0","0","0","0","0","0","0","0","3","3","5","8","12","18","19","31","31","41","91","94","141","189","253","298","396","464","694","833","995","1120","1236","1394","1654","1925","2279","2631","2817","3001","3308","3508","3858","4091","4472","4587","4822","5017","5312","5569","5732","5831","5991","6059","6111","6216","6433","6549","6606","6746","6900","7033","7132","7187","7273","7352","7404","7445","7504","7579","7682","7737","7755","7781","7819","7896","7974","8031","8077","8095","8123","8176","8221","8269","8351","8406","8455","8475","8586","8647","8721","8754","8813","8890","8955","9002","9050","9086","9140","9196","9230","9268","9302","9364","9438","9494","9529","9567","9628","9697","9751","9824","9855","9938","9991","10024","10064","10111","10162","10280","10406","10448","10498","10523","10650","10777","10870","11038","11298","11603","11805","11954"
"8","Denmark","61.8926","-6.9118","0","0","0","0","0","0","0","0","0","0","0","0","0","0","0","0","0","0","0","0","0","0","0","0","0","0","0","0","0","0","0","0","0","0","0","0","1","1","3","4","4","6","11","11","24","24","37","92","264","444","617","804","836","875","933","1025","1116","1225","1337","1420","1514","1572","1718","1862","2023","2200","2366","2564","2755","3039","3290","3573","3946","4269","4561","4875","5266","5597","5830","6014","6191","6369","6513","6706","6876","7074","7268","7437","7580","7711","7891","8108","8271","8408","8643","8773","8896","9049","9206","9356","9509","9605","9721","9868","10019","10136","10281","10416","10517","10627","10711","10789","10865","10911","10989","11056","11125","11166","11242","11315","11380","11428","11487","11559","11586","11627","11680","11712","11793","11833","11869","11899","11934","11971","12011","12075","12124","12148","12162","12201","12216","12235","12299","12339","12393","12417","12450","12494","12544","12591","12591","12591","12727","12761","12815","12836","12875","12875","12875","12951","12968"
"9","Estonia","58.5953","25.0136","0","0","0","0","0","0","0","0","0","0","0","0","0","0","0","0","0","0","0","0","0","0","0","0","0","0","0","0","0","0","0","0","0","0","0","0","1","1","1","1","1","2","2","3","10","10","10","10","12","16","16","79","115","171","205","225","258","267","283","306","326","352","369","404","538","575","645","679","715","745","779","858","961","1039","1097","1108","1149","1185","1207","1258","1304","1309","1332","1373","1400","1434","1459","1512","1528","1535","1552","1559","1592","1605","1635","1643","1647","1660","1666","1689","1694","1699","1700","1703","1711","1713","1720","1725","1733","1739","1741","1746","1751","1758","1766","1770","1774","1784","1791","1794","1800","1807","1821","1823","1824","1834","1840","1851","1859","1865","1869","1870","1870","1880","1890","1910","1931","1939","1940","1947","1958","1965","1970","1973","1973","1974","1975","1977","1977","1979","1981","1981","1981","1982","1983","1984","1986","1986","1987","1987","1989"
"10","Finland","61.92411","25.748151","0","0","0","0","0","0","0","1","1","1","1","1","1","1","1","1","1","1","1","1","1","1","1","1","1","1","1","1","1","1","1","1","1","1","1","2","2","2","3","6","6","6","6","12","15","15","23","30","40","59","59","155","225","244","277","321","336","400","450","523","626","700","792","880","958","1041","1167","1240","1352","1418","1446","1518","1615","1882","1927","2176","2308","2487","2605","2769","2905","2974","3064","3161","3237","3369","3489","3681","3783","3868","4014","4129","4284","4395","4475","4576","4695","4740","4906","4995","5051","5176","5254","5327","5412","5573","5673","5738","5880","5962","5984","6003","6054","6145","6228","6286","6347","6380","6399","6443","6493","6537","6568","6579","6599","6628","6692","6743","6776","6826","6859","6885","6887","6911","6911","6941","6964","6981","7001","7025","7040","7064","7073","7087","7104","7108","7112","7117","7119","7133","7142","7143","7144","7155","7167","7172","7191","7198","7198","7209","7214"
"11","France","3.9339","-53.1258","0","0","2","3","3","3","4","5","5","5","6","6","6","6","6","6","6","11","11","11","11","11","11","11","12","12","12","12","12","12","12","12","12","12","14","18","38","57","100","130","191","204","288","380","656","959","1136","1219","1794","2293","2293","3681","4496","4532","6683","7715","9124","10970","12758","14463","16243","20123","22622","25600","29551","33402","38105","40708","45170","52827","57749","59929","65202","69500","71412","75343","79163","83057","87366","91738","94863","121712","125394","130365","133585","146075","148084","148086","153011","155393","158168","155980","158303","159952","161644","162220","165963","169053","166543","167299","167305","168518","168925","169583","170687","174224","174918","176202","176782","177094","177547","178349","178184","178994","179630","179630","179693","180051","180933","181700","181951","182354","182694","182709","183067","182847","183038","186364","186923","188752","189009","189348","188582","188934","189701","190312","190891","191234","191445","191849","192394","192819","193546","194072","194479","194631","194975","195433","195900","196711","197352","197636","198009","198526","198607","198607","200195","200195","199476","201522","202063"
"12","Germany","51.165691","10.451526","0","0","0","0","0","1","4","4","4","5","8","10","12","12","12","12","13","13","14","14","16","16","16","16","16","16","16","16","16","16","16","16","16","16","17","27","46","48","79","130","159","196","262","482","670","799","1040","1176","1457","1908","2078","3675","4585","5795","7272","9257","12327","15320","19848","22213","24873","29056","32986","37323","43938","50871","57695","62095","66885","71808","77872","84794","91159","96092","100123","103374","107663","113296","118181","122171","124908","127854","130072","131359","134753","137698","141397","143342","145184","147065","148291","150648","153129","154999","156513","157770","158758","159912","161539","163009","164077","164967","165664","166152","167007","168162","169430","170588","171324","171879","172576","173171","174098","174478","175233","175752","176369","176551","177778","178473","179021","179710","179986","180328","180600","181200","181524","182196","182922","183189","183410","183594","183879","184121","184472","184924","185450","185750","186109","186506","186522","186691","187226","187267","187518","187682","188252","188604","189817","190299","190670","191272","191768","192480","192871","193371","194036","194458","194693","195042","195418"
"13","Greece","39.0742","21.8243","0","0","0","0","0","0","0","0","0","0","0","0","0","0","0","0","0","0","0","0","0","0","0","0","0","0","0","0","0","0","0","0","0","0","0","1","3","4","4","7","7","7","9","31","45","46","73","73","89","99","99","190","228","331","331","387","418","418","495","530","624","695","743","821","892","966","1061","1156","1212","1314","1415","1544","1613","1673","1735","1755","1832","1884","1955","2011","2081","2114","2145","2170","2192","2207","2224","2235","2235","2245","2401","2408","2463","2490","2506","2517","2534","2566","2576","2591","2612","2620","2626","2632","2642","2663","2678","2691","2710","2716","2726","2744","2760","2770","2810","2819","2834","2836","2840","2850","2853","2874","2876","2878","2882","2892","2903","2906","2909","2915","2917","2918","2937","2937","2952","2967","2980","2997","3049","3058","3068","3088","3108","3112","3121","3134","3148","3203","3227","3237","3256","3266","3287","3302","3310","3321","3343","3366","3376","3390","3409"
"14","Hungary","47.1625","19.5033","0","0","0","0","0","0","0","0","0","0","0","0","0","0","0","0","0","0","0","0","0","0","0","0","0","0","0","0","0","0","0","0","0","0","0","0","0","0","0","0","0","0","2","2","2","4","7","9","9","13","13","19","30","32","39","50","58","73","85","103","131","167","187","226","261","300","343","408","447","492","525","585","623","678","733","744","817","895","980","1190","1310","1410","1458","1512","1579","1652","1763","1834","1916","1984","2098","2168","2284","2443","2443","2500","2583","2649","2727","2775","2863","2942","2998","3035","3065","3111","3150","3178","3213","3263","3284","3313","3341","3380","3417","3473","3509","3535","3556","3598","3641","3678","3713","3741","3756","3771","3793","3816","3841","3867","3876","3892","3921","3931","3954","3970","3990","4008","4014","4017","4027","4039","4053","4064","4069","4076","4077","4078","4079","4081","4086","4094","4102","4107","4114","4123","4127","4138","4142","4145","4155"
"15","Iceland","64.9631","-19.0208","0","0","0","0","0","0","0","0","0","0","0","0","0","0","0","0","0","0","0","0","0","0","0","0","0","0","0","0","0","0","0","0","0","0","0","0","0","1","1","3","6","11","26","34","43","50","50","58","69","85","103","134","156","171","180","220","250","330","409","473","568","588","648","737","802","890","963","1020","1086","1135","1220","1319","1364","1417","1486","1562","1586","1616","1648","1675","1689","1701","1711","1720","1727","1739","1754","1760","1771","1773","1778","1785","1789","1789","1790","1792","1792","1795","1797","1797","1798","1798","1799","1799","1799","1799","1801","1801","1801","1801","1801","1801","1802","1802","1802","1802","1802","1802","1802","1803","1803","1803","1804","1804","1804","1804","1805","1805","1805","1806","1806","1806","1806","1806","1806","1806","1806","1807","1807","1807","1807","1807","1807","1808","1810","1811","1812","1812","1814","1815","1815","1815","1815","1815","1817","1818","1820","1820","1821","1822","1824"
"16","Ireland","53.1424","-7.6921","0","0","0","0","0","0","0","0","0","0","0","0","0","0","0","0","0","0","0","0","0","0","0","0","0","0","0","0","0","0","0","0","0","0","0","0","0","0","1","1","1","2","6","6","18","18","19","21","34","43","43","90","129","129","169","223","292","557","683","785","906","1125","1329","1564","1819","2121","2415","2615","2910","3235","3447","3849","4273","4604","4994","5364","5709","6074","6574","8089","8928","9655","10647","11479","12547","13271","13980","14758","15251","15652","16040","16671","17607","18184","18561","19262","19648","19877","20253","20612","20833","21176","21506","21772","21983","22248","22385","22541","22760","22996","23135","23242","23401","23827","23956","24048","24112","24200","24251","24315","24391","24506","24582","24639","24698","24735","24803","24841","24876","24929","24990","25062","25066","25111","25142","25163","25183","25201","25207","25215","25231","25238","25250","25295","25303","25321","25334","25341","25355","25368","25374","25379","25383","25391","25396","25405","25414","25437","25439","25462","25473"
"17","Israel","31.046051","34.851612","0","0","0","0","0","0","0","0","0","0","0","0","0","0","0","0","0","0","0","0","0","0","0","0","0","0","0","0","0","0","1","1","1","1","1","2","3","4","7","10","10","12","15","20","37","43","61","61","75","79","100","126","155","213","218","250","304","427","529","712","883","1071","1238","2369","2693","3035","3619","4247","4695","5358","6092","6857","7428","7851","8430","8904","9248","9404","9968","10408","10743","11145","11586","12046","12501","12758","12982","13265","13491","13713","13942","14498","14803","15058","15298","15443","15555","15728","15834","15946","16101","16185","16208","16246","16289","16310","16381","16436","16454","16477","16506","16529","16548","16579","16589","16608","16617","16643","16659","16667","16683","16690","16712","16717","16734","16757","16793","16872","16987","17012","17071","17169","17285","17377","17495","17562","17752","17863","18032","18180","18355","18569","18795","18972","19055","19237","19495","19783","20036","20339","20633","20778","21082","21512","22044","22400","22800","23421","23755","24441","25244"
"18","Italy","41.87194","12.56738","0","0","0","0","0","0","0","0","0","2","2","2","2","2","2","2","3","3","3","3","3","3","3","3","3","3","3","3","3","3","20","62","155","229","322","453","655","888","1128","1694","2036","2502","3089","3858","4636","5883","7375","9172","10149","12462","15113","17660","21157","24747","27980","31506","35713","41035","47021","53578","59138","63927","69176","74386","80589","86498","92472","97689","101739","105792","110574","115242","119827","124632","128948","132547","135586","139422","143626","147577","152271","156363","159516","162488","165155","168941","172434","175925","178972","181228","183957","187327","189973","192994","195351","197675","199414","201505","203591","205463","207428","209328","210717","211938","213013","214457","215858","217185","218268","219070","219814","221216","222104","223096","223885","224760","225435","225886","226699","227364","228006","228658","229327","229858","230158","230555","231139","231732","232248","232664","232997","233197","233515","233836","234013","234531","234801","234998","235278","235561","235763","236142","236305","236651","236989","237290","237500","237828","238159","238011","238275","238499","238720","238833","239410","239706","239961","240136","240310","240436","240578"
"19","Japan","36.204824","138.252924","2","2","2","2","4","4","7","7","11","15","20","20","20","22","23","23","23","24","24","26","27","28","33","43","54","60","67","79","85","95","112","137","149","160","173","192","218","236","245","259","278","298","333","365","420","466","499","527","585","640","696","733","795","826","843","893","928","968","1022","1059","1104","1144","1217","1314","1416","1530","1728","1907","2001","2255","2535","2818","3154","3525","3876","4110","4485","5020","5614","6250","6951","7473","7773","8277","8835","9398","9958","10548","10914","11258","11641","12037","12469","12854","13186","13405","13576","13860","14076","14284","14558","14861","15061","15229","15354","15455","15553","15640","15755","15824","15861","15948","15998","16096","16148","16202","16226","16259","16287","16321","16362","16385","16410","16451","16472","16502","16528","16598","16673","16716","16751","16787","16837","16867","16911","16958","17000","17039","17060","17111","17146","17187","17250","17293","17369","17439","17484","17530","17588","17658","17725","17780","17820","17879","17963","18055","18162","18254","18366","18476","18615"
"20","Korea, Rep.","35.907757","127.766922","1","1","2","2","3","4","4","4","4","11","12","15","15","16","19","23","24","24","25","27","28","28","28","28","28","29","30","31","31","104","204","433","602","833","977","1261","1766","2337","3150","3736","4335","5186","5621","6088","6593","7041","7314","7478","7513","7755","7869","7979","8086","8162","8236","8320","8413","8565","8652","8799","8961","8961","9037","9137","9241","9332","9478","9583","9661","9786","9887","9976","10062","10156","10237","10284","10331","10384","10423","10450","10480","10512","10537","10564","10591","10613","10635","10653","10661","10674","10683","10694","10708","10718","10728","10738","10752","10761","10765","10774","10780","10793","10801","10804","10806","10810","10822","10840","10874","10909","10936","10962","10991","11018","11037","11050","11065","11078","11110","11122","11142","11165","11190","11206","11225","11265","11344","11402","11441","11468","11503","11541","11590","11629","11668","11719","11776","11814","11852","11902","11947","12003","12051","12085","12121","12155","12198","12257","12306","12373","12421","12438","12484","12535","12563","12602","12653","12715","12757","12800","12850"
"21","Latvia","56.8796","24.6032","0","0","0","0","0","0","0","0","0","0","0","0","0","0","0","0","0","0","0","0","0","0","0","0","0","0","0","0","0","0","0","0","0","0","0","0","0","0","0","0","1","1","1","1","1","1","2","6","8","10","10","17","26","30","34","49","71","86","111","124","139","180","197","221","244","280","305","347","376","398","446","458","493","509","533","542","548","577","589","612","630","651","655","657","666","675","682","712","727","739","748","761","778","784","804","812","818","836","849","858","870","871","879","896","896","900","909","928","930","939","946","950","951","962","970","997","1008","1009","1012","1016","1025","1030","1046","1047","1049","1053","1057","1061","1064","1065","1066","1066","1071","1079","1082","1085","1086","1088","1088","1089","1092","1094","1096","1097","1097","1097","1098","1104","1108","1110","1111","1111","1111","1111","1111","1111","1112","1115","1116","1117","1118"
"22","Lithuania","55.1694","23.8813","0","0","0","0","0","0","0","0","0","0","0","0","0","0","0","0","0","0","0","0","0","0","0","0","0","0","0","0","0","0","0","0","0","0","0","0","0","1","1","1","1","1","1","1","1","1","1","1","1","3","3","6","8","12","17","25","27","36","49","83","143","179","209","274","299","358","394","460","491","537","581","649","696","771","811","843","880","912","955","999","1026","1053","1062","1070","1091","1128","1149","1239","1298","1326","1350","1370","1398","1410","1426","1438","1449","1344","1375","1385","1399","1406","1410","1419","1423","1428","1433","1436","1444","1479","1485","1491","1505","1511","1523","1534","1541","1547","1562","1577","1593","1604","1616","1623","1635","1639","1647","1656","1662","1670","1675","1678","1682","1684","1687","1694","1705","1714","1720","1727","1733","1752","1756","1763","1768","1773","1776","1778","1784","1792","1795","1798","1801","1803","1804","1806","1808","1813","1815","1816","1817"
"23","Luxembourg","49.8153","6.1296","0","0","0","0","0","0","0","0","0","0","0","0","0","0","0","0","0","0","0","0","0","0","0","0","0","0","0","0","0","0","0","0","0","0","0","0","0","0","1","1","1","1","1","1","2","2","3","3","5","7","19","34","51","59","77","140","203","335","484","670","798","875","1099","1333","1453","1605","1831","1950","1988","2178","2319","2487","2612","2729","2804","2843","2970","3034","3115","3223","3270","3281","3292","3307","3373","3444","3480","3537","3550","3558","3618","3654","3665","3695","3711","3723","3729","3741","3769","3784","3802","3812","3824","3828","3840","3851","3859","3871","3877","3886","3888","3894","3904","3915","3923","3930","3945","3947","3958","3971","3980","3981","3990","3992","3993","3995","4001","4008","4012","4016","4018","4019","4020","4024","4027","4032","4035","4039","4040","4046","4049","4052","4055","4063","4070","4072","4075","4085","4091","4099","4105","4120","4121","4133","4140","4151","4173","4217","4242","4256","4299"
"24","Mexico","23.6345","-102.5528","0","0","0","0","0","0","0","0","0","0","0","0","0","0","0","0","0","0","0","0","0","0","0","0","0","0","0","0","0","0","0","0","0","0","0","0","0","1","4","5","5","5","5","5","6","6","7","7","7","8","12","26","41","53","82","93","118","164","203","251","316","367","405","475","585","717","848","993","1094","1215","1378","1510","1688","1890","2143","2439","2785","3181","3441","3844","4219","4661","5014","5399","5847","6297","6875","7497","8261","8772","9501","10544","11633","12872","13842","14677","15529","16752","17799","19224","20739","22088","23471","24905","26025","27634","29616","31522","33460","35022","36327","38324","40186","42595","45032","47144","49219","51633","54346","56594","59567","62527","65856","68620","71105","74560","78023","81400","84627","87512","90664","93435","97326","101238","105680","110026","113619","117103","120102","124301","129184","133974","139196","142690","146837","150264","154863","159793","165455","170485","175202","180545","185122","191410","196847","202951","208392","212802","216852","220657","226089"
"25","Netherlands","12.5211","-69.9683","0","0","0","0","0","0","0","0","0","0","0","0","0","0","0","0","0","0","0","0","0","0","0","0","0","0","0","0","0","0","0","0","0","0","0","0","1","1","6","10","18","24","38","82","128","188","265","321","382","503","503","806","962","1138","1416","1711","2058","2467","3003","3640","4217","4764","5580","6438","7468","8647","9819","10930","11817","12667","13696","14788","15821","16727","17953","18926","19709","20682","21903","23249","24571","25746","26710","27580","28316","29383","30619","31766","32838","33588","34317","35032","35921","36729","37384","38040","38440","38612","38998","39512","39989","40434","40769","40968","41286","41518","41973","42292","42581","42826","42987","43183","43410","43680","43880","44070","44195","44341","44449","44647","44900","45088","45265","45437","45647","45780","45970","46152","46328","46460","46645","46749","46852","46939","47148","47358","47541","47780","47945","48109","48294","48458","48668","48847","48990","49155","49295","49412","49527","49634","49710","49801","49866","49930","50012","50122","50213","50282","50355","50433","50483"
"26","New Zealand","-40.9006","174.886","0","0","0","0","0","0","0","0","0","0","0","0","0","0","0","0","0","0","0","0","0","0","0","0","0","0","0","0","0","0","0","0","0","0","0","0","0","1","1","1","1","1","3","3","4","5","5","5","5","5","5","5","6","8","8","12","20","28","39","52","102","102","155","205","283","368","451","514","589","647","708","797","868","950","1039","1106","1160","1210","1239","1283","1312","1330","1349","1366","1386","1401","1409","1422","1431","1440","1445","1451","1456","1461","1470","1469","1472","1474","1476","1479","1485","1487","1487","1486","1488","1489","1490","1492","1494","1497","1497","1497","1497","1498","1498","1499","1499","1499","1503","1503","1504","1504","1504","1504","1504","1504","1504","1504","1504","1504","1504","1504","1504","1504","1504","1504","1504","1504","1504","1504","1504","1504","1504","1504","1504","1506","1506","1507","1507","1509","1511","1513","1515","1516","1519","1520","1522","1526","1528","1528","1528"
"27","Norway","60.472","8.4689","0","0","0","0","0","0","0","0","0","0","0","0","0","0","0","0","0","0","0","0","0","0","0","0","0","0","0","0","0","0","0","0","0","0","0","1","1","6","15","19","25","32","56","87","108","147","176","205","400","598","702","996","1090","1221","1333","1463","1550","1746","1914","2118","2385","2621","2863","3084","3369","3755","4015","4284","4445","4641","4863","5147","5370","5550","5687","5865","6086","6086","6211","6314","6409","6525","6603","6623","6740","6896","6937","7036","7078","7156","7191","7338","7401","7463","7499","7527","7599","7660","7710","7738","7783","7809","7847","7904","7955","7996","8034","8070","8099","8105","8132","8157","8175","8196","8219","8237","8249","8257","8267","8281","8309","8332","8346","8352","8364","8383","8401","8411","8422","8437","8440","8446","8455","8477","8504","8522","8531","8547","8561","8576","8594","8608","8620","8628","8631","8647","8660","8692","8708","8726","8742","8745","8751","8772","8788","8788","8832","8846","8855","8862","8879"
"28","Poland","51.9194","19.1451","0","0","0","0","0","0","0","0","0","0","0","0","0","0","0","0","0","0","0","0","0","0","0","0","0","0","0","0","0","0","0","0","0","0","0","0","0","0","0","0","0","0","1","1","5","5","11","16","22","31","49","68","103","119","177","238","251","355","425","536","634","749","901","1051","1221","1389","1638","1862","2055","2311","2554","2946","3383","3627","4102","4413","4848","5205","5575","5955","6356","6674","6934","7202","7582","7918","8379","8742","9287","9593","9856","10169","10511","10892","11273","11617","11902","12218","12640","12877","13105","13375","13693","14006","14431","14740","15047","15366","15651","15996","16326","16921","17204","17615","18016","18257","18529","18885","19268","19739","20143","20619","20931","21326","21631","22074","22473","22825","23155","23571","23786","24165","24395","24687","25048","25410","25986","26561","27160","27560","27842","28201","28577","29017","29392","29788","30195","30701","31015","31316","31620","31931","32227","32527","32821","33119","33395","33714","33907","34154","34393"
"29","Portugal","39.3999","-8.2245","0","0","0","0","0","0","0","0","0","0","0","0","0","0","0","0","0","0","0","0","0","0","0","0","0","0","0","0","0","0","0","0","0","0","0","0","0","0","0","0","2","2","5","8","13","20","30","30","41","59","59","112","169","245","331","448","448","785","1020","1280","1600","2060","2362","2995","3544","4268","5170","5962","6408","7443","8251","9034","9886","10524","11278","11730","12442","13141","13956","15472","15987","16585","16934","17448","18091","18841","19022","19685","20206","20863","21379","21982","22353","22797","23392","23864","24027","24322","24505","25045","25351","25190","25282","25524","25702","26182","26715","27268","27406","27581","27679","27913","28132","28319","28583","28810","29036","29209","29432","29660","29912","30200","30471","30623","30788","31007","31292","31596","31946","32203","32500","32700","32895","33261","33592","33969","34351","34693","34885","35306","35600","35910","36180","36463","36690","37036","37336","37672","38089","38464","38841","39133","39392","39737","40104","40415","40866","41189","41646","41912","42141"
"30","Slovak Republic","48.669","19.699","0","0","0","0","0","0","0","0","0","0","0","0","0","0","0","0","0","0","0","0","0","0","0","0","0","0","0","0","0","0","0","0","0","0","0","0","0","0","0","0","0","0","0","0","1","1","3","3","7","10","16","32","44","54","63","72","105","123","137","178","185","186","204","216","226","269","292","314","336","363","400","426","450","471","485","534","581","682","701","715","728","742","769","835","863","977","1049","1089","1161","1173","1199","1244","1325","1360","1373","1379","1381","1384","1391","1396","1403","1407","1408","1413","1421","1429","1445","1455","1455","1457","1457","1465","1469","1477","1480","1493","1494","1495","1495","1496","1502","1503","1504","1509","1511","1513","1515","1520","1520","1521","1521","1522","1522","1525","1526","1526","1528","1528","1530","1531","1533","1541","1542","1545","1548","1552","1552","1561","1562","1576","1586","1587","1588","1589","1607","1630","1643","1657","1664","1665","1667"
"31","Slovenia","46.1512","14.9955","0","0","0","0","0","0","0","0","0","0","0","0","0","0","0","0","0","0","0","0","0","0","0","0","0","0","0","0","0","0","0","0","0","0","0","0","0","0","0","0","0","0","0","2","7","7","16","16","31","57","89","141","181","219","253","275","275","286","341","383","414","442","480","528","562","632","684","730","756","802","841","897","934","977","997","1021","1059","1091","1124","1160","1188","1205","1212","1220","1248","1268","1304","1317","1330","1335","1344","1353","1366","1373","1388","1396","1402","1408","1418","1429","1434","1439","1439","1439","1445","1448","1449","1450","1454","1457","1460","1461","1463","1464","1465","1465","1466","1466","1467","1468","1468","1468","1468","1468","1469","1469","1471","1473","1473","1473","1473","1473","1475","1477","1477","1479","1484","1485","1485","1486","1488","1488","1490","1492","1495","1496","1499","1503","1511","1513","1519","1520","1521","1534","1541","1547","1558","1572","1581","1585","1600"
"32","Spain","40.463667","-3.74922","0","0","0","0","0","0","0","0","0","0","1","1","1","1","1","1","1","1","2","2","2","2","2","2","2","2","2","2","2","2","2","2","2","2","6","13","15","32","45","84","120","165","222","259","400","500","673","1073","1695","2277","2277","5232","6391","7798","9942","11748","13910","17963","20410","25374","28768","35136","39885","49515","57786","65719","73235","80110","87956","95923","104118","112065","119199","126168","131646","136675","141942","148220","153222","158273","163027","166831","170099","172541","177644","184948","190839","191726","198674","200210","204178","208389","213024","202990","205905","207634","209465","210773","212917","213435","215216","216582","217466","218011","219329","220325","221447","222857","223578","224350","227436","228030","228691","229540","230183","230698","230698","231606","232037","232555","233037","234824","235290","235772","235400","236259","236259","237906","238564","239228","239479","239638","239932","240326","240660","240978","241310","241550","241717","241966","242280","242707","243209","243605","243928","244109","244328","244683","245268","245575","245938","246272","246504","246752","247086","247486","247905","248469","248770","248970","249271"
"33","Sweden","60.128161","18.643501","0","0","0","0","0","0","0","0","0","1","1","1","1","1","1","1","1","1","1","1","1","1","1","1","1","1","1","1","1","1","1","1","1","1","1","2","7","7","12","14","15","21","35","94","101","161","203","248","355","500","599","814","961","1022","1103","1190","1279","1439","1639","1763","1934","2046","2286","2526","2840","3069","3447","3700","4028","4435","4947","5568","6131","6443","6830","7206","7693","8419","9141","9685","10151","10483","10948","11445","11927","12540","13216","13822","14385","14777","15322","16004","16755","17567","18177","18640","18926","19621","20302","21092","21520","22082","22317","22721","23216","23918","24623","25265","25921","26322","26670","27272","27909","28582","29207","29677","30143","30377","30799","31523","32172","32809","33188","33459","33843","34440","35088","35727","36476","37113","37542","37814","38589","40803","41883","42939","43887","44730","45133","45924","46814","48288","49684","50931","51614","52383","53323","54562","56043","58076","58591","58848","58932","60837","62324","63890","65137","65137","65137","67667","68451"
"34","Switzerland","46.8182","8.2275","0","0","0","0","0","0","0","0","0","0","0","0","0","0","0","0","0","0","0","0","0","0","0","0","0","0","0","0","0","0","0","0","0","0","1","1","8","8","18","27","42","56","90","114","214","268","337","374","491","652","652","1139","1359","2200","2200","2700","3028","4075","5294","6575","7474","8795","9877","10897","11811","12928","14076","14829","15922","16605","17768","18827","19606","20505","21100","21657","22253","23280","24051","24551","25107","25415","25688","25936","26336","26732","27078","27404","27740","27944","28063","28268","28496","28677","28894","29061","29164","29264","29407","29586","29705","29817","29905","29981","30009","30060","30126","30207","30251","30305","30344","30380","30413","30463","30514","30572","30587","30597","30618","30658","30694","30707","30725","30736","30746","30761","30776","30796","30828","30845","30862","30871","30874","30893","30913","30936","30956","30965","30972","30988","31011","31044","31063","31094","31117","31131","31154","31187","31200","31235","31243","31292","31310","31332","31376","31428","31486","31555","31617","31652","31714"
"35","Turkey","38.9637","35.2433","0","0","0","0","0","0","0","0","0","0","0","0","0","0","0","0","0","0","0","0","0","0","0","0","0","0","0","0","0","0","0","0","0","0","0","0","0","0","0","0","0","0","0","0","0","0","0","0","0","1","1","5","5","6","18","47","98","192","359","670","1236","1529","1872","2433","3629","5698","7402","9217","10827","13531","15679","18135","20921","23934","27069","30217","34109","38226","42282","47029","52167","56956","61049","65111","69392","74193","78546","82329","86306","90980","95591","98674","101790","104912","107773","110130","112261","114653","117589","120204","122392","124375","126045","127659","129491","131744","133721","135569","137115","138657","139771","141475","143114","144749","146457","148067","149435","150593","151615","152587","153548","154500","155686","156827","157814","158762","159797","160979","162120","163103","163942","164769","165555","166422","167410","168340","169218","170132","171121","172114","173036","174023","175218","176677","178239","179831","181298","182727","184031","185245","186493","187685","188897","190165","191657","193115","194511","195883","197239","198613","199906"
"36","United Kingdom","18.2206","-63.0686","0","0","0","0","0","0","0","0","0","2","2","2","8","8","9","9","9","13","14","14","15","16","17","18","18","18","19","19","20","22","23","23","28","30","34","37","44","56","61","94","134","189","246","295","374","429","483","630","889","1301","1790","2270","2634","3077","3692","4462","5467","6533","7791","9006","10395","12744","15126","17843","20970","24219","27062","29954","34281","38815","43789","48718","53699","57772","61422","66738","72224","77387","82293","86660","90273","93812","98017","102365","107465","112808","117798","122534","126394","131260","136035","141540","146708","151689","155453","158926","163630","168357","173807","178771","183501","186731","189708","193091","196780","200616","204387","207439","209589","211911","215500","218895","222195","224813","227334","229406","231232","233809","236867","239579","242133","244174","245682","247037","248650","250309","252118","253854","255362","256469","257539","258983","260453","261802","263040","264150","264944","265662","266756","267915","269101","270108","271162","272050","272857","273888","274971","275970","276990","277974","278640","279264","280156","281038","281815","282512","283151","283785","284192","284812","285216"
